{
  "welcomeFile": "/index.html",
  "authenticationMethod": "route",
  "routes": [
    {
      "source": "^/laas-deductions/(.*)$",
      "target": "/laas-deductions/$1",
      "destination": "cd_laasstaging_fs-api",
      "authenticationType": "xsuaa",
      "csrfProtection": true,
      "cacheControl": "no-cache, no-store, must-revalidate"
    },
    {
      "source": "^/resources/(.*)$",
      "target": "/resources/$1",
      "authenticationType": "none",
      "destination": "ui5"
    },
    {
      "source": "^/test-resources/(.*)$",
      "target": "/test-resources/$1",
      "authenticationType": "none",
      "destination": "ui5"
    },
    {
      "source": "^(.*)$",
      "target": "$1",
      "service": "html5-apps-repo-rt",
      "authenticationType": "xsuaa"
    }
  ]
}
